/* DATOS PARA AUTOR*/
INSERT INTO AUTOR (NOMBRE) values ('Roberto Bolaño');
INSERT INTO AUTOR (NOMBRE) values ('Manuel Rojas');
INSERT INTO AUTOR (NOMBRE) values ('José Donoso');

/* DATOS PARA EDITORIAL*/
INSERT INTO EDITORIAL (NOMBRE) values ('Cuatro Vientos');
INSERT INTO EDITORIAL (NOMBRE) values ('Cuneta');
INSERT INTO EDITORIAL (NOMBRE) values ('Libros del Pez Espiral');

/* DATOS PARA GENERO*/
INSERT INTO GENERO (NOMBRE) values ('Aventuras');
INSERT INTO GENERO (NOMBRE) values ('Ciencia ficción');
INSERT INTO GENERO (NOMBRE) values ('Paranormal');

/* DATOS PARA IDIOMA*/
INSERT INTO IDIOMA (DESCRIPCION) values ('Español');
INSERT INTO IDIOMA (DESCRIPCION) values ('Ingles');
INSERT INTO IDIOMA (DESCRIPCION) values ('Frances');

/* DATOS PARA LIBRO*/
INSERT INTO LIBRO (TITULO, FECHA_PUBLICACION, CANTIDAD_PAGINAS, DESCRIPCION, VALOR_DIARIO, STOCK_DISPONIBLE, ID_EDITORIAL, ID_GENERO, ID_AUTOR, ID_IDIOMA) values ('Los detectives salvajes','1963-10-01', 123, 'Detecives', 500, 5, 1,1,1,1);
INSERT INTO LIBRO (TITULO, FECHA_PUBLICACION, CANTIDAD_PAGINAS, DESCRIPCION, VALOR_DIARIO, STOCK_DISPONIBLE, ID_EDITORIAL, ID_GENERO, ID_AUTOR, ID_IDIOMA) values ('Hijo de ladrón','1995-10-01', 193, 'Ladron', 550, 15, 1,1,2,1);
INSERT INTO LIBRO (TITULO, FECHA_PUBLICACION, CANTIDAD_PAGINAS, DESCRIPCION, VALOR_DIARIO, STOCK_DISPONIBLE, ID_EDITORIAL, ID_GENERO, ID_AUTOR, ID_IDIOMA) values ('El obsceno pájaro de la noche','01-12-1993', 223, 'Buen libro', 600, 8, 1,1,3,1);


/*DATOS PARA USUARIO*/
INSERT INTO USUARIO (USUARIO, NOMBRES, APELLIDOS, DIRECCION, EMAIL, TELEFONO, PASSWORD, ESTADO) values ('naravenar','nico','Aravena', 'Mi calle 1', 'nicolas.aravena25@gmail.com', '987654321', 'nico123', 1);
INSERT INTO USUARIO (USUARIO, NOMBRES, APELLIDOS, DIRECCION, EMAIL, TELEFONO, PASSWORD, ESTADO) values ('jaravenar','jose','Aravena', 'Mi calle 2', 'turismo.real.sa@gmail.com', '987654320', 'jose123', 1);


/* DATOS PARA ESTADO_ARRIENDO*/
INSERT INTO ESTADO_ARRIENDO (DESCRIPCION) VALUES ('ARRENDADO');
INSERT INTO ESTADO_ARRIENDO (DESCRIPCION) VALUES ('ENTERGADO');

/* DATOS PARA ARRIENDO*/
INSERT INTO ARRIENDO (FECHA_ARRIENDO, FECHA_DESDE, FECHA_HASTA, ID_ESTADO_ARRIENDO, ID_LIBRO, ID_USUARIO) values ('17-05-2021', '17-05-2021', '28-05-2021', 1, 1, 1);
INSERT INTO ARRIENDO (FECHA_ARRIENDO, FECHA_DESDE, FECHA_HASTA, ID_ESTADO_ARRIENDO, ID_LIBRO, ID_USUARIO) values ('16-05-2021', '17-05-2021', '29-05-2021', 1, 1, 2);
INSERT INTO ARRIENDO (FECHA_ARRIENDO, FECHA_DESDE, FECHA_HASTA, ID_ESTADO_ARRIENDO, ID_LIBRO, ID_USUARIO) values ('17-05-2021', '17-05-2021', '25-05-2021', 1, 2, 1);
INSERT INTO ARRIENDO (FECHA_ARRIENDO, FECHA_DESDE, FECHA_HASTA, ID_ESTADO_ARRIENDO, ID_LIBRO, ID_USUARIO) values ('17-05-2021', '17-05-2021', '25-05-2021', 1, 3, 2);

/*DATOS PARA ROL*/
INSERT INTO ROL (DESCRIPCION) VALUES ('ADMINISTRADOR');
INSERT INTO ROL (DESCRIPCION) VALUES ('USUARIO');
INSERT INTO ROL (DESCRIPCION) VALUES ('ADMINISTRADOR BD');

/*DATOS PARA ROL*/
INSERT INTO USUARIO_ROL (ID_USUARIO, ID_ROL) VALUES (1, 1);
INSERT INTO USUARIO_ROL (ID_USUARIO, ID_ROL) VALUES (2, 2);
INSERT INTO USUARIO_ROL (ID_USUARIO, ID_ROL) VALUES (1, 3);


/*DATOS PARA MENU_ROL*/
INSERT INTO MENU (ID_MENU, NOMBRE, URL, ICONO) VALUES (1, 'autor', '/autor', 'autor');
INSERT INTO MENU (ID_MENU, NOMBRE, URL, ICONO) VALUES (2, 'editorial', '/editorial', 'editorial');
INSERT INTO MENU (ID_MENU, NOMBRE, URL, ICONO) VALUES (3, 'genero', '/genero', 'genero');
INSERT INTO MENU (ID_MENU, NOMBRE, URL, ICONO) VALUES (4, 'idioma', '/idioma', 'idioma');
INSERT INTO MENU (ID_MENU, NOMBRE, URL, ICONO) VALUES (5, 'estadoArriendo', '/estadoArriendo', 'estadoArriendo');
INSERT INTO MENU (ID_MENU, NOMBRE, URL, ICONO) VALUES (6, 'arriendo', '/arriendo', 'arriendo');
INSERT INTO MENU (ID_MENU, NOMBRE, URL, ICONO) VALUES (7, 'rol', '/rol', 'rol');
INSERT INTO MENU (ID_MENU, NOMBRE, URL, ICONO) VALUES (8, 'usuario', '/usuario', 'usuario');
INSERT INTO MENU (ID_MENU, NOMBRE, URL, ICONO) VALUES (9, 'login', '/login', 'login');
INSERT INTO MENU (ID_MENU, NOMBRE, URL, ICONO) VALUES (10, 'menus', '/menus', 'menus');
INSERT INTO MENU (ID_MENU, NOMBRE, URL, ICONO) VALUES (11, 'tokens', '/tokens', 'tokens');
INSERT INTO MENU (ID_MENU, NOMBRE, URL, ICONO) VALUES (12, 'libro', '/libro', 'libro');

/*DATOS PARA MENU*/
INSERT INTO MENU_ROL (ID_MENU, ID_ROL) VALUES (1, 1);
INSERT INTO MENU_ROL (ID_MENU, ID_ROL) VALUES (2, 1);
INSERT INTO MENU_ROL (ID_MENU, ID_ROL) VALUES (3, 1);
INSERT INTO MENU_ROL (ID_MENU, ID_ROL) VALUES (4, 1);
INSERT INTO MENU_ROL (ID_MENU, ID_ROL) VALUES (5, 1);
INSERT INTO MENU_ROL (ID_MENU, ID_ROL) VALUES (6, 1);
INSERT INTO MENU_ROL (ID_MENU, ID_ROL) VALUES (7, 1);
INSERT INTO MENU_ROL (ID_MENU, ID_ROL) VALUES (8, 1);
INSERT INTO MENU_ROL (ID_MENU, ID_ROL) VALUES (9, 1);
INSERT INTO MENU_ROL (ID_MENU, ID_ROL) VALUES (12, 1);
INSERT INTO MENU_ROL (ID_MENU, ID_ROL) VALUES (12, 2);
INSERT INTO MENU_ROL (ID_MENU, ID_ROL) VALUES (12, 3);